A;Augsburg (Bay)
AA;Aalen Ostalbkreis (BaWü)
AB;Aschaffenburg (Bay)
ABG;Altenburg, Altenburger Land (Thür)
ABI;Landkreis Anhalt-Bitterfeld (SaAn)
AC;Aachen (NrWe)
AE;Vogtlandkreis (Sachs)
AD;Privatfahrzeuge der amerikanischen Streitkräfte
AF;Zulassungsbezirk Freistaat Bayern
AH;Ahaus im Kreis Borken (NrWe)
AIB;Rosenheim, Landkreis München (Bay)
AIC;Aichach-Friedberg (Bay)
AK;Altenkirchen/Westerwald (RhPf)
ALF;Hildesheim (NiSa)
ALZ;Aschaffenburg (Bay)
AM;Amberg (Bay)
AN;Ansbach (Bay)
ANA;Annaberg / Erzgebirgskreis (Sachs)
ANG;Uckermark (Bran)
ANK;Vorpommern / Greifswald (MeVo)
Aö;Altötting (Bay)
AP;Weimarer-Land (Thür)
APD;Weimarer-Land (Thür)
ARN;Ilm-Kreis (Thür)
ART;Kyffhäuserkreis (Thür)
AS;Amberg-Sulzbach (Bay)
ASL;Aschersleben-Staßfurter Salzlandkreis (SaAn)
ASZ;Aue-Schwarzenberg / Erzbebirgskreis (Sachs)
AT;Mecklenburgische Seenplatte (MeVo)
AU;Erzgebirgskreis (Sachs)
AUR;Aurich (NiSa)
AW;Ahrweiler (RhPf)
AZ;Alzey-Worms (RhPf)
AZE;Anhalt-Zerbst / Bitterfeld (SaAn)
B;Berlin (Hauptstadt und Regierungssitz der BRD)
BA;Bamberg (Bay)
BAD;Baden-Baden (BaWü)
BAR;Barnim (Bran)
BB;Böblingen (BaWü)
BBL;Landesregierung Brandenburg (Bran)
BBG;Salzlandkreis (SaAn)
BC;Biberach/Riss (BaWü)
BCH;Neckar-Odenwald-Kreis (BaWü)
BD 1;Deutscher Bundestag
BD 3;Bundesrat
BD 4;Bundesverfassungsbericht
BD 5;Bundespräsidialamt
BD 6;Bundeskanzleramt
BD 7;Auswärtiges Amt
BD 9;Bundesinnenministerium
BD 10;Bundesjustizministerium
BD 11;Bundesfinanzministerium
BD 12;Bundesministerium für Wirtschaft und Technologie
BD 13;Bundesministerium für Verkehr, Bau und Stadtentwicklung
BD 16;Bundesfinanzverwaltung
BD 18;Bundesverteidigungsministerium
BD 19;Bundesministerium für Bildung und Forschung
BD 20;Bundesministerium für Umwelt, Naturschutz und Reaktorsicherheit
BD 21;Bundesministerium für Familie
BD 22;Bundesgesundheitsministerium
BD 26;Bundesministerium für wirtschaftliche Zusammenarbeit und Entwicklung
BE;Warendorf (NrWe)
BED;Landkreis Mittelsachsen (Sachs)
BER;Barnim (Bran)
BF;Steinfurt (NrWe)
BGL;Berchtesgadener Land (Bay)
BH;Rastatt (BaWü)
BI;Bielefeld (NrWe)
BID;Marburg-Biedenkopf (Hes)
BIN;Mainz-Bingen (RhPf)
BIR;Birkenfeld/Nahe und Idar-Oberstein (RhPf)
BIT;Bitburg-Prüm (RhPf)
BIW;Lankreis Bautzen (Sachs)
BK;Landkreis Backnang, Rems-Murr-Kreis (BaWü), Landkreis Börde BÖ (SaAn), Landkreis Schwäbisch Hall CR und SHA (BaWü). Das Unterscheidungszeichen wird durch mehrere Bezirke verwaltet.
BKS;Bernkastel-Wittlich (RhPf)
BL;Zollernalbkreis in Balingen (BaWü)
BLB;Siegen-Wittgenstein (NrWe)
BLK;Burgenlandkreis (SaAn)
BM;Rhein-Erft-Kreis (NrWe)
BN;Bonn (NrWe)
BNA;Landkreis Leipzig (Sachs)
BO;Bochum (NrWe)
Bö;Landkreis Börde (SaAn)
BOH;Bocholt, Kreis Borken (NrWe)
BOR;Borken (NrWe)
BOT;Bottrop (NrWe)
BRA;Wesermarsch in Brake (NiSa)
BRB;Brandenburg (Bran)
BRG;Jerichower Land (SaAn)
BRK;Bad Brückenau (Bay)
BRL;Goslar (NiSa)
BRV;Rotenburg / Wümme (NiSa)
BS;Braunschweig (NiSa)
BSB;Osnabrück (NiSa)
BSK;Landkreis Oder-Spree (Bran)
BT;Bayreuth (Bay)
BTF;Landkreis Anhalt-Bitterfeld (SaAn)
BüD;Wetteraukreis (Hess)
BüR;Paderborn (NrWe)
BüS;Konstanz, Gemeinde Büsingen am Hochrhein (BaWü)
BüZ;Landkreis Rostock (MeVo)
BUL;Schwandorf, Amberg-Sulzbach (Bay)
BW;Bundes-Wasser- und Schiffahrtsverwaltung
BWL;Baden-Württemberg Landesregierung und Landtag
BYL;Bayern Landesregierung und Landtag
BZ;Landkreis Bautzen (Sach)
C;Chemnitz (Sachs)
CA;Oberspreewald-Lausitz (Bran)
CAS;Castrop-Rauxel, Kreis Recklinghausen (NrWe)
CB;Cottbus (Bran)
CE;Celle (NiSa)
CHA;Cham/Oberpfalz (Bay)
CLP;Cloppenburg (NiSa)
CLZ;Goslar (NiSa)
CO;Coburg (Bay)
COC;Cochem-Zell/Mosel (RhPf)
COE;Coesfeld/Westfalen (NrWe)
CR;Schwäbisch Hall (BaWü)
CUX;Cuxhaven (NiSa)
CW;Calw (BaWü)
D;Düsseldorf (NrWe)
DA;Darmstadt (Hess)
DAH;Dachau (Bay)
DAN;Lüchow-Dannenberg (NiSa)
DAU;Daun (Eifel) (RhPf)
DB;Deutsche Bundesbahn
DBR;Landkreis Rostock, Bad Doberan (MeVo)
DD;Dresden (Sachs)
DE;Dessau (SaAn)
DEG;Deggendorf (Bay)
DEL;Delmenhorst (NiSa)
DGF;Dingolfing-Landau (Bay)
DH;Diepholz (NiSa)
DI;Darmstadt-Dieburg (Hess)
DIL;Lahn-Dill-Kreis (Hess)
DIN;Wesel (NrWe)
DIZ;Diez, Rhein-Lahn-Kreis (RhPf)
DKB;Landkreis Ansbach, Dinkelsbühl (Bay)
DL;Landkreis Mittelsachsen, Döbeln (Sachs)
DLG;Dillingen/Donau (Bay)
DM;Mecklenburgische Seenplatte, Demmin (MeVo)
DN;Düren (NrWe)
DO;Dortmund (NrWe)
DON;Donau-Ries in Donauwörth (Bay)
DU;Duisburg (NrWe)
DUD;Landkreis Göttingen, Duderstadt (NiSa)
DüW;Bad Dürkheim (RhPf)
DW;Dippoldiswalde / Sächsische Schweiz-Osterzgebirge (Sachs)
DZ;Delitzsch / Landkreis Nordsachsen (Sachs)
E;Essen (NrWe)
EA;Eisenach (Thür)
EB;Landkreis Nordsachen (Sachs)
EBE;Ebersberg (Bay)
EBN;Landkreis Haßberge, Ebern (Bay)
EBN;Landkreis Haßberge (Bay)
EBS;Landkreis Forchheim, Kulmbach, Bayreuth (Bay)
ECK;Rendsburg-Eckernförde (SlHo)
ED;Erding (Bay)
EE;Elbe-Elster (Bran)
EF;Erfurt (Thür)
EG;Landkreis Rottal-Inn, Eggenfelden (Bay)
EH;Eisenhüttenstadt (Bran)
EI;Eichstätt (Bay)
EIC;Eichsfeld (Thür)
EIL;Mansfeld-Südharz (SaAn)
EIN;Northeim (NiSa)
EIS;Saale-Holzland-Kreis (Thür)
EL;Emsland in Meppen (NiSa)
EM;Emmendingen (BaWü)
EMD;Emden (NiSa)
EMS;Rhein-Lahn-Kreis in Bad Ems (RhPf)
EN;Ennepe-Ruhr-Kreis in Schwelm (NrWe)
ER;Erlangen/Stadt (Bay)
ERB;Odenwaldkreis in Erbach (Hess)
ERH;Erlangen-Höchstadt (Bay)
ERK;Heinsberg (NrWe)
ERZ;Erzgebirgskreis (Sachs)
ES;Esslingen/Neckar (BaWü)
ESB;Kreis Neustadt a. d. Waldnaab, Amberg-Sulzbach, Bayreuth, Nürnberger Land, Eschenbach, Vohenstrauß (Bay)
ESW;Werra-Meissner-Kreis in Eschwege (Hess)
EU;Euskirchen (NrWe)
EW;Barnim (Bran)
F;Frankfurt/Main (Hess)
FB;Wetteraukreis in Friedberg (Hess)
FD;Fulda (Hess)
FDB;Landkreis Aichach-Friedberg (Bay)
FDS;Freudenstadt (BaWü)
FEU;Landkreis Ansbach, Feuchtwangen (Bay)
FF;Frankfurt / Oder (Bran)
FFB;Fürstenfeldbruck (Bay)
FG;Freiberg / Landkreis Mittelsachsen (Sachs)
FI;Elbe-Elster (Bran)
FKB;Landkreis Waldeck-Frankenberg (Hess)
FL;Flensburg (SlHo)
FLO;Landkreis Mittelsachsen (Sachs)
FN;Bodenseekreis in Friedrichshafen (BaWü)
FO;Forchheim (Bay)
FOR;Spree-Neiße (Bran)
FR;Landkreis Breisgau-Hochschwarzwald, Freiburg im Breisgau (BaWü)
FRG;Freyung-Grafenau (Bay)
FRI;Jever in Friesland (NiSa)
FRW;Märkisch-Oderland (Bran)
FS;Freising (Bay)
FT;Frankenthal/Pfalz (RhPf)
FTL;Altkreis Freital, Sächsische Schweiz-Osterzgebirge, (Sachs)
Fü;Fürth (Bay)
FüS;Landkreis Ostallgäu, Füssen (Bay)
G;Gera (Thür)
GA;Gardelegen, Altmarkkreis-Salzwedel (SaAn)
GAN;Landkreis Northeim, Bad Gandersheim (NiSa)
GAP;Garmisch-Partenkirchen (Bay)
GC;Landkreis Zwickau, Glauchau (Sachs)
GD;Ostalbkreis (BaWü)
GDB;Landkreis Nordwestmecklenburg (MeVo)
GE;Gelsenkirchen (NrWe)
GEL;Geldern (Kennzeichen wurde abgeschafft, ist jetzt KLE Kreis Kleve) (NrWe)
GER;Germersheim (RhPf)
GEO;Gerolzhofen (Bay)
GF;Gifhorn (NiSa)
GG;Gross-Gerau (Hess)
GHA;Landkreis Leipzig (Sachs)
GHC;Wittenberg (SaAn)
GI;Giessen (Hess)
GK;Kreis Heinsberg, Geilenkirchen (NrWe)
GL;Rheinisch-Bergischer Kreis in Bergisch Gladbach (NrWe)
GLA;Gladbeck, Kreis Recklinghausen (NrWe)
GM;Oberbergischer Kreis in Gummersbach (NrWe)
GMN;Landkreis Vorpommern-Rügen (MeVo)
GN;Main-Kinzig-Kreis (Hess)
GNT;Jerichower Land (SaAn)
Gö;Göttingen (NiSa)
GOA;Rhein-Hunsrück-Kreis (RhPf)
GOH;Rhein-Lahn-Kreis, Sankt Goarshausen (RhPf)
GP;Göppingen (BaWü)
GR;Görlitz (Sachs)
GRA;Landkreis Freyung-Grafenau (Bay)
GRH;Landkreis Meißen (Sachs)
GRI;Landkreis Rottal-Inn, Bad Griesbach im Rottal (Bay)
GRM;Landkreis Leipzig, Grimma (Sachs)
GRZ;Greiz (Thür)
GS;Goslar (NiSa)
GT;Gütersloh (NrWe)
GTH;Gotha (Thür)
GUB;Spree-Neiße (Bran)
GUN;Landkreis Weißenburg-Gunzenhausen (Bay)
Gü;Landkreis Rostock, Güstrow (MeVo)
GV;Grevenbroich, Rhein-Kreis Neuss (NrWe)
GVM;Landkreis Nordwestmecklenburg (MeVo)
GW;Landkreis Vorpommern-Greifswald (MeVo)
GZ;Günzburg (Bay)
H;Hannover (NiSa)
HA;Hagen/Westfalen (NrWe)
HAB;Landkreis Bad Kissingen, Hammelburg (Bay)
HAL;Halle/Saale (SaAn)
HAM;Hamm/Westfalen (NrWe)
HAS;Hassberge in Hassfurt (Bay)
HB;Freie Hansestadt Bremen und Bremerhaven (Bre)
HBN;Hildburghausen (Thür)
HBS;Halberstadt / Landkreis Harz (SaAn)
HC;Landkreis Mittelsachsen (Sachs)
HCH;Zollernalbkreis (BaWü)
HD;Rhein-Neckar-Kreis und Heidelberg (BaWü)
HDH;Heidenheim/Brenz (BaWü)
HDL;Landkreis Börde (SaAn)
HE;Helmstedt (NiSa)
HEB;Landkreis Nürnberger Land, Hersbruck (Bay)
HEF;Bad Hersfeld-Rotenburg (Hess)
HEI;Heide in Dithmarschen/Holstein (SlHo)
HER;Herne (NrWe)
HET;Mansfeld Südharz (SaAn)
HF;Herford in Kirchlengern (NrWe)
HG;Hochtaunuskreis in Bad Homburg v.d.H. (Hess)
HGN;Landkreis Ludwigslust-Parchim (MeVo)
HGW;Hansestadt Greifswald (MeVo)
HH;Freie Hansestadt Hamburg (Hbg)
HHM;Burgenlandkreis (SaAn)
HI;Hildesheim (NiSa)
HIG;Eichsfeld (Thür)
HIP;Landkreis Roth, Hilpoltstein (Bay)
HK;Heidekreis (NiSa)
HL;Hansestadt Lübeck (SlHo)
HM;Hameln-Pyrmont (NiSa)
HMü;Landkreis Göttingen (NiSa)
HN;Heilbronn/Neckar (BaWü)
HO;Hof (Bay)
HOG;Kassel (Kreis) (Hess)
HOH;Landkreis Haßberge (Bay)
HOL;Holzminden (NiSa)
HOM;Saar-Pfalz-Kreis in Homburg/Saar (Saar)
HOR;Landkreis Horb, Freudenstadt (BaWü)
HOT;Landkreis Zwickau (Sachs)
HöS;Landkreis Erlangen Höchstadt (Bay)
HP;Bergstrasse in Heppenheim (Hess)
HR;Schwalm-Eder-Kreis in Homberg (Hess)
HRO;Hansestadt Rostock (MeVo)
HS;Heinsberg (NrWe)
HSK;Hochsauerlandkreis in Meschede (NrWe)
HST;Hansestadt Stralsund (MeVo)
HU;Main-Kinzing-Kreis / Hanau (Hess)
HV;Landkreis Stendal, Havelberg (SaAn)
HVL;Havelland (Bran)
HWI;Hansestadt Wismar (MeVo)
HX;Höxter (NrWe)
HY;Hoyerswerda / Landkreis Bautzen (Sachs)
HZ;Landkreis Harz (SaAn)
IGB;St. Ingbert (Saar)
IK;Ilm-Kreis (Thür)
IL;Ilmenau (Thür)
ILL;Landkreis Neu-Ulm, Illertissen (Bay)
IN;Ingolstadt/Donau (Bay)
IZ;Kreis Steinburg, Itzehoe (SlHo)
J;Jena (Thür)
JE;Landkreis Wittenberg, Jessen (SaAn)
JL;Jerichower Land (SaAn)
JüL;Kreis Düren, Jülich (NrWe)
K;Köln (NrWe)
KA;Karlsruhe (BaWü)
KB;Waldeck-Frankenberg in Korbach (Hess)
KC;Kronach (Bay)
KE;Kempten/Allgäu (Bay)
KEH;Kelheim (Bay)
KEL;Ortenauskreis (BaWü)
KEM;Tirschenreuth, Bayreuth (Bay)
KF;Kaufbeuren (Bay)
KG;Bad Kissingen (Bay)
KH;Bad Kreuznach (RhPf)
KI;Kiel (SlHo)
KIB;Donnersberg-Kreis in Kirchheimbolanden (RhPf)
KK;Viersen (NrWe)
KL;Kaiserslautern, Stadt und Land (RhPf))
KLE;Kleve (NrWe)
KLZ;Altmarkkreis-Salzwedel (SaAn)
KM;Landkreis Bautzen (Sachs)
KN;Konstanz (BaWü)
KO;Koblenz (RhPf)
KöN;Bad Königshofen im Grabfeld - Rhön-Grabfeld (Bay)
KöT;Köthen / Anhalt-Bitterfeld (SaAn)
KöZ;Landkreis Cham - Kötzting (Bay)
KR;Krefeld (NrWe)
KRU;Günzburg (Bay)
KS;Kassel, Stadt und Land (Hess)
KT;Kitzingen (Bay)
KU;Kulmbach (Bay)
KüN;Hohenlohe-Kreis (BaWü)
KUS;Kusel (RhPf)
KY;Ostprignitz-Ruppin (Bran)
KYF;Kyffhäuserkreis (Thür)
L;Leipzig, Stadt und Land (Sachs)
LA;Landshut, Stadt und Land (Bay)
LAU;Lauf / Pegnitz - Nürnberger Land (Bay)
LB;Ludwigsburg (BaWü)
LBS;Saale-Orla-Kreis (Thür)
LBZ;Landkreis Ludwigslust-Parchim (MeVo)
LC;Luckau Dahme-Spreewald (Bran)
LD;Landau i. d. Pfalz (RhPf)
LDK;Lahn-Dill-Kreis (Hess)
LDS;Dahme-Spreewald (Bran)
LEO;Böblingen (BaWü)
LER;Leer (NiSa)
LEV;Leverkusen (NrWe)
LG;Lüneburg (NiSa)
LH;Coesfeld (NrWe)
LI;Lindau / Bodensee (Bay)
LIB;Elbe-Elster (Bran)
LIF;Lichtenfels (Bay)
LIP;Lippe in Detmold (NrWe)
LL;Landsberg / Lech (Bay)
LM;Limburg-Weilburg / Lahn (Hess)
LN;Lübben Dahme-Spreewald (Bran)
Lö;Lörrach (BaWü)
LöB;Landkreis Görlitz (Sachs)
LOS;Oder-Spree (Bran)
LP;Soest (NrWe)
LR;Ortenauskreis (BaWü)
LRO;Landkreis Rostock (MeVo)
LSA;Sachsen-Anhalt Landesregierung und Landtag (SaAn)
LSZ;Unstrut-Hainich-Kreis (Thür)
LU;Ludwigshafen (RhPf)
LUN;Unna (NrWe)
LUP;Ludwigslust-Parchim (MeVo)
LWL;Landkreis Ludwigslust-Parchim (MeVo)
M;München, Stadt und Land (Bay)
MA;Mannheim (BaWü)
MAB;Erzgebirgskreis (Sachs)
MAI;Kelheim, Landshut (Bay)
MAK;Wunsiedel i. Fichtelgebirge (Bay)
MAL;Landshut (Bay)
MB;Miesbach (Bay)
MC;Mecklenburgische Seenplatte (MeVo)
MD;Magdeburg (SaAn)
ME;Mettmann (NrWe)
MEI;Meissen (Sachs)
MEK;Mittl. Erzgebirgskreis (Sachs)
MER;Saalekreis (SaAn)
MET;Rhön-Grabfeld (Bay)
MG;Mönchengladbach (NrWe)
MGH;Main-Tauber-Kreis (BaWü)
MGN;Schmalkalden-Meiningen (Thür)
MH;Mülheim an der Ruhr (NrWe)
MHL;Unstrut-Hainich-Kreis (Thür)
MI;Minden-Lübbecke / Westfalen (NrWe)
MIL;Miltenberg (Bay)
MKK;Main-Kinzig-Kreis (Hessen)
ML;Mansfeld-Südharz (SaAn)
MK;Märkischer Kreis in Lüdenscheid (NrWe)
MM;Memmingen (Bay)
MN;Unterallgäu in Mindelheim (Bay)
MO;Wesel (NrWe)
MOD;Ostallgäu (Bay)
MOL;Märkisch-Oderland (Bran)
MON;Aachen (NrWe)
MOS;Neckar-Odenwald-Kreis in Mosbach (BaWü)
MQ;Merseburg-Querfurt / Saalekreis (SaAn)
MR;Marburg-Biedenkopf an der Lahn (Hessen)
MS;Münster / Westfalen (NrWe)
MSE;Mecklenburgische Seenplatte (MeVo)
MSH;Mansfeld-Südharz-Kreis (SaAn)
MSP;Main-Spessart-Kreis in Karlstadt (Bay)
MST;Mecklenburg-Strelitz (MeVo)
MTK;Main-Taunus-Kreis in Hofheim (Hess)
MTL;Muldentalkreis, Landkreis Leipzig (Sachs)
MüB;Bayreuth, Hof (Bay)
Mü;Mühldorf am Inn (Bay)
MüR;Müritz, Mecklenburgische Seenplatte (MeVo)
MW;Mittweida, Landkreis Mittelsachsen (Sachs)
MY;Mayen-Koblenz (RhPf)
MYK;Mayen-Koblenz (RhPf)
MZ;Mainz-Bingen und Mainz (RhPf)
MZG;Merzig-Wadern (Saar)
N;Nürnberg, Nürnberger Land (Bay)
NAB;Amberg-Sulzbach, Schwandorf (Bay)
NAI;Naila, Hof (Bay)
NB;Neubrandenburg (MeVo)
ND;Neuburg-Schrobenhausen an der Donau (Bay)
NDH;Nordhausen (Thür)
NE;Neuss, Rhein-Kreis Neuss (NrWe)
NEA;Neustadt-Bad Windsheim an der Aisch (Bay)
NEB;Burgenlandkreis (SaAn)
NEC;Neustadt bei Coburg, Landkreis Coburg (Bay)
NEN;Landkreis Schwandorf, Neunburg vorm Wald (Bay)
NES;Rhön-Grabfeld in Bad Neustadt an der Saale (Bay)
NEW;Neustadt an der Waldnaab (Bay)
NF;Nordfriesland in Husum (SlHo)
NH;Sonneberg (Thür)
NI;Nienburg an der Weser (NiSa)
NK;Neunkirchen an der Saar (Saar)
NM;Neumarkt / Oberpfalz (Bay)
NMB;Burgenlandkreis (SaAn)
NMS;Neumünster (SlHo)
NOH;Grafschaft Bentheim in Nordhorn (NiSa)
NOL;Niederschlesische Oberlausitz, Landkreis Görlitz (Sachs)
NOM;Northeim (NiSa)
NOR;Aurich (NiSa)
Nö;Donau-Ries, Nördlingen (Bay)
NP;Ostprigniz-Ruppin (Bran)
NR;Neuwied am Rhein, Stadt und Land (RhPf)
NT;Esslingen (BaWü)
NU;Neu-Ulm (Bay)
NVP;Nordvorpommern, Landkreis Vorpommern-Rügen (MeVo)
NW;Neustadt an der Weinstrasse (RhPf)
NWM;Landkreis Nordwestmecklenburg (MeVo)
NY;Landkreis Görlitz (Sachs)
NZ;Meklenburgische Seenplatte (MeVo)
OA;Oberallgäu in Sonthofen (Bay)
OAL;Ostallgäu in Marktoberdorf (Bay)
OB;Oberhausen/Rheinland (NrWe)
OBG;Stendal (SaAn)
OC;Landkreis Börde (SaAn)
OCH;Ochsenfurt / Würzburg (Bay)
OD;Stormarn in Bad Oldesloe (SlHo)
OE;Olpe (NrWe)
OF;Offenbach / Main, Stadt und Kreis (Hess)
OG;Ortenaukreis in Offenburg (BaWü)
OH;Ostholstein in Eutin (SlHo)
OHA;Osterode / Harz (NiSa)
OHV;Oberhavel (Bran)
OHZ;Osterholz-Scharmbeck (NiSa)
OK;Ohrekreis, Landkreis Börde (SaAn)
OL;Oldenburg, Stadt und Kreis (NiSa)
OP;Opladen, Landkreis Rhein-Wupper-Kreis (NrWe)
OPR;Ostprignitz-Ruppin (Bran)
OS;Osnabrück, Stadt und Kreis (NiSa)
OSL;Oberspreewald-Lausitz (Bran)
OVI;Schwandorf (Bay)
OVL;Vogtlandkreis (Sachs)
OVP;Ostvorpommern, Landkreis Vorpommern - Greifswald (MeVo)
P;Potsdam (Bran)
PA;Passau, Stadt und Kreis (Bay)
PAF;Pfaffenhofen/Ilm (Bay)
PAN;Rottal-Inn in Pfarrkirchen (Bay)
PAR;Neumarkt in der Oberpfalz, Kelheim (Bay)
PB;Paderborn (NrWe)
PCH;Parchim, Landkreis Ludwigslust Parchim (MeVo)
PE;Peine (NiSa)
PEG;Bayreuth, Forchheim, Nürnberger Land (Bay)
PF;Enzkreis und Pforzheim, Stadt und Kreis (BaWü)
PI;Pinneberg (SlHo)
PIR;Pirna, Sächsische Schweiz Osterzgebirge (Sachs)
PL;Plauen, Vogtlandkreis (Sachs)
PLö;Plön/Holstein (SlHo)
PM;Potsdam-Mittelmark (Bran)
PN;Saale-Orla-Kreis (Thür)
PR;Prignitz (Bran)
PRü;Bitburg-Prüm (RhPf)
PS;Pirmasens / Südwestpfals, Stadt und Kreis (RhPf)
PW;Landkreis Vorpommern-Greifswald (MeVo)
PZ;Uckermark (Bran)
QFT;Saalekreis (SaAn)
QLB;Quedlinburg / Landkreis Harz (SaAn)
R;Regensburg, Stadt und Kreis (Bay)
RA;Rastatt (BaWü)
RC;Vogtlandkreis (Sachs)
RD;Rendsburg-Eckernfoerde (SlHo)
RDG;Landkreis Vorpommern-Rügen (MeVo)
RE;Recklinghausen in Marl (NrWe)
REH;Hof, Wunsiedel im Fichtelgebirge (Bay)
REG;Regen (Bayr. Wald) (Bay)
RG;Riesa-Großenhain / Landkreis Meißen (Sachs)
RH;Roth/Rednitz (Bay)
RI;Schaumburg (NiSa)
RID;Kehlheim (Bay)
RIE;Landkreis Meißen (Sachs)
RK;Rheinkamp, Stadtteil von Moers im Kreis Wesel (NrWe)
RL;Landkreis Mittelsachsen (Sachs)
RM;Mecklenburgische Seenplatte (MeVo)
RO;Rosenheim, Stadt und Kreis (Bay)
ROD;Cham, Schwandorf (Bay)
ROF;Hersfeld - Rotenburg (Hess)
ROK;Donnersberg (RhPf)
ROL;Kehlheim, Landshut (Bay)
ROS;Landkreis Rostock (MeVo)
ROT;Ansbach (Bay)
ROW;Rotenburg/Wümme (NiSa)
RP;Rhein-Pfalz-Kreis (RhPf)
RPL;Landesregierung Rheinland-Pfalz (RhPf)
RS;Remscheid (NrWe)
RSL;Dessau-Roßlau (SaAn)
RT;Reutlingen (BaWü)
RüD;Rheingau-Taunus-Kreis in Rüdesheim (Hess)
RüG;Rügen, Landkreis Vorpommern (MeVo)
RV;Ravensburg (BaWü)
RW;Rottweil (BaWü)
RZ;Herzogtum Lauenburg in Ratzeburg (SlHo)
S;Stuttgart (BaWü)
SAB;Landkreis Trier-Saarburg (RhPf)
SAD;Schwandorf (Bay)
SAN;Hof, Kulmbach, Kronach (Bay)
SAW;Altmarkkreis-Salzwedel (SaAn)
SB;Saarbrücken (Saar)
SBG;Vorprommern-Greifswald (MeVo)
SBK;Schönebeck/Elbe (SaAn), ab 1991 bis 2007,danach SLK
SC;Schwabach (Bay)
SCZ;Saale-Orla-Kreis (Thür)
SDH;Kyffhäuserkreis (Thür)
SDL;Stendal (SaAn)
SDT;Uckermark (Bran)
SE;Bad Segeberg (SlHo)
SEB;Sächsische Schweiz-Osterzgebirge, Märkisch Oberland (Bran)
SEE;Märkisch Oderland (Bran)
SEF;Neustadt an der Aisch, Bad Windsheim (Bay)
SFA;Soltau-Fallingbostel (NiSa), gültig bis 31.07.2011, danach HK (Heidekreis)
SFB;Oberspreewald-Lausitz (Bran)
SFT;Salzlandkreis (SaAn)
SG;Solingen (NrWe)
SGH;Landkreis Mansfeld-Südharz (SaAn)
SHA;Schwäbisch Hall (BaWü)
SHG;Schaumburg in Stadthagen (NiSa)
SHK;Saale-Holzlandkreis (Thür)
SHL;Suhl (Thür)
SI;Siegen-Wittgenstein (NrWe)
SIG;Sigmaringen (BaWü)
SIM;Rhein-Hunsrück-Kreis in Simmern (RhPf)
SK;Saalekreise, Stadt/ Landkreis (SaAn)
SL;Schleswig-Flensburg (SlHo)
SLE;Kreis Euskirchen, Schleiden (NrWe)
SLF;Saalfeld-Rudolstadt (Thür)
SLK;Salzlandkreis (SaAn)
SLN;Altenburger Land (Thür)
SLS;Saarlouis (Saar)
SLü;Main-Kinzing-Kreis (Hess)
SLZ;Wartburgkreis (Thür)
SM;Schmalkalden-Meiningen (Thür)
SN;Schwerin,Stadt (MeVo)
SO;Soest (NrWe)
SOB;Neuburg-Schrobenhausen (Bay)
SOG;Weilheim-Schongau (Bay)
SöM;Sömmerda (Thür)
SOK;Saale-Orla-Kreis (Thür)
SON;Sonneberg (Thür)
SP;Speyer (RhPf)
SPB;Spree-Neiße (Bran)
SPN;Spree-Neisse (Bran)
SR;Straubing-Bogen, Stadt und Kreis (Bay)
SRB;Märkisch Oderland (Bran)
SRO;Saale-Holzland-Kreis (Thür)
ST;Steinfurt (NrWe)
STA;Starnberg (Bay)
STB;Ludwigslust-Parchim (MeVo)
STD;Stade (NiSa)
STE;Lichtenfels (Bay)
STL;Stollberg, Erzgebirgskreis (Sachs)
SU;Rhein-Sieg-Kreis in Siegburg (NrWe)
SUL;Amberg-Sulzbach (Bay)
SüW;Südl. Weinstrasse in Landau (RhPf)
SW;Schweinfurt, Stadt und Kreis (Bay)
SWA;Rheingau-Taunus-Kreis (Hess)
SY;Diepholz (Syke), Landkreis südlich von Bremen (NiSa)
SZ;Salzgitter (NiSa)
SZB;Erzgebirgskreis (Sachs)
TBB;Main-Tauber-Kreis in Tauberbischofsheim (BaWü)
TDO;Torgau Delitzsch - Oschatz, Landkreis Nordsachsen (Sachs)
TE;Steinfurt (NrWe)
TET;Teterow, Landkreis Rostock (MeVo)
TF;Teltow-Fläming (Bran)
TG;Landkreis Nordsachsen (Sachs)
TIR;Tirschenreuth (Bay)
TO;Landkreis Nordsachsen (Sachs)
TöL;Bad Tölz-Wolfratshausen (Bay)
TP;Uckermark (Bran)
TR;Trier-Saarburg (RhPf)
TS;Traunstein (Bay)
Tü;Tübingen (BaWü)
TUT;Tuttlingen (BaWü)
UE;Uelzen (NiSa)
UEM;Landkreis Vorpommern-Greifswald (MeVo)
UER;Landkreis Vorpommern-Greifswald (MeVo)
UFF;Neustadt a. d. Aisch-Bad Windsheim (Bay)
UH;Unstrut-Hainich-Kreis (Thür)
UL;Alb-Donau-Kreis und Ulm (BaWü)
UM;Uckermark (Bran)
UN;Unna/Westfalen (NrWe)
USI;Hochtaunuskreis (Hess)
V;Vogtlandkreis (Sachs)
VAI;Ludwigsburg (BaWü)
VB;Vogelsbergkreis in Lauterbach (Hess)
VEC;Vechta (NiSa)
VER;Verden/Aller (NiSa)
VG;Landkreis Vorpommern-Greifswald (MeVo)
VIB;Landshut, Rottal-Inn (Bay)
VIE;Viersen (NrWe)
VK;Völklingen (Saar)
VOH;Neustadt a. d. Waldnaab (Bay)
VR;Landkreis Vorpommern-Rügen (MeVo)
VS;Schwarzwald-Baar-Kreis (BaWü)
W;Wuppertal (NrWe)
WA;Waldeck-Frankenberg (Hess)
WAF;Warendorf (NrWe)
WAK;Wartburgkreis (Thür)
WAN;Herne (NrWe)
WAT;Bochum (NrWe)
WB;Wittenberg (SaAn)
WBS;Eichsfeld (Thür)
WDA;Landkreis Zwickau (Sachs)
WE;Weimar (Thür)
WEL;Limburg-Weilburg (Hess)
WEN;Weiden in der Oberpfalz (Bay)
WER;Dillingen a. d. Donau (Bay)
WES;Wesel (NrWe)
WF;Wolfenbüttel (NiSa)
WHV;Wilhelmshaven (NiSa)
WI;Wiesbaden (Hess)
WIL;Bernkastel-Wittlich/Mosel (RhPf)
WIS;Landkreis Nordwestmecklenburg (MeVo)
WIT;Ennepe-Ruhr-Kreis (NrWe)
WK;Ostprigniz-Ruppin (Bran)
WIZ;Werra-Meißner-Kreis (Hess)
WL;Harburg in Winsen/Luhe (NiSa)
WLG;Landkreis Vorpommern-Greifswald (MeVo)
WM;Weilheim-Schongau/Oberbayern (Bay) und vereinzelt in Bremerhaven für Landkreis Wesermünde, heute Cuxhaven (NiSa)
WMS;Landkreis Börde (SaAn)
WN;Rems-Murr-Kreis in Waiblingen (BaWü)
WND;St. Wendel (Saar)
WO;Worms (RhPf)
WOB;Wolfsburg (NiSa)
WOH;Landkreis Kassel (Hess)
WOL;Ortenaukreis (BaWü)
WOR;Bad Tölz-Wolfratshausen, Landkreis München, Starnberg (Bay)
WOS;Freyung-Grafenau (Bay)
WR;Wernigerode, Landkreis Harz (SaAn)
WRN;Mecklenburgische Seenplatte (MeVo)
WS;Rosenheim (Bay)
WSF;Weißenfels, Burgenlandkreis (SaAn)
WST;Ammerland in Westerstede (NiSa)
WSW;Landkreis Görlitz (Sachs)
WT;Waldshut-Tiengen (BaWü)
WTM;Wittmund (NiSa)
Wü;Würzburg (Stadt und Kreis) (Bay)
WUG;Weissenburg-Gunzenhausen (Bay)
WUN;Wunsiedel (Bay)
WüM;Cham (Bay)
WUR;Wurzen, Landkreis Leipzig (Sachs)
WW;Westerwald in Montabaur (RhPf)
WZ;Dill-Kreis (Hess)
WZL;Landkreis Börde (SaAn)
X;Bundeswehr für NATO-Hauptquartiere
Y;Bundeswehr
Z;Landkreis Zwickau (Sachs)
ZE;Anhalt-Bitterfeld (SaAn)
ZEL;Cochem-Zell (RhPf)
ZI;Landkreis Görlitz (Sachs)
ZP;Erzgebirgskreis (Sachs)
ZR;Greiz (SaAn)
ZW;Zweibrücken (RhPf)
ZZ;Burgenlandkreis (SaAn)
